candidate_id,n_pairs_total,n_pairs_vs_candidate,n_pairs_vs_database,n_unique_neighbors,n_unique_cand_frags,n_Hf,mean_d_Hf,median_d_Hf,std_d_Hf,frac_pos_d_Hf,n_Q,mean_d_Q,median_d_Q,std_d_Q,frac_pos_d_Q,n_OBgood,mean_d_OBgood,median_d_OBgood,std_d_OBgood,frac_pos_d_OBgood,n_Pe,mean_d_Pe,median_d_Pe,std_d_Pe,frac_pos_d_Pe,n_D,mean_d_D,median_d_D,std_d_D,frac_pos_d_D,n_P,mean_d_P,median_d_P,std_d_P,frac_pos_d_P,n_IS,mean_d_IS,median_d_IS,std_d_IS,frac_pos_d_IS,n_nu,mean_d_nu,median_d_nu,std_d_nu,frac_pos_d_nu
cand_001,1464,34,1430,1286,10,1464,-71.857,-75.0626,48.6684,0.0881148,1464,-297.22,-295.908,112.021,0,1464,-33.1318,-31.8484,15.481,0.00136612,1464,-0.225304,-0.22805,0.0736577,0,1464,-0.980025,-0.954306,0.419657,0.00409836,1464,-8.48827,-8.33357,3.67237,0.00409836,1464,79.2146,55.1183,91.4608,0.715847,0,,,,
cand_002,3502,22,3480,1021,10,3502,-70.652,-74.1384,48.8843,0.100228,3502,-224.228,-224.669,93.8457,0.00542547,3502,-28.0648,-27.0636,13.7767,0,3502,-0.209112,-0.2041,0.0661058,0.00256996,3502,-0.923954,-0.882572,0.414727,0,3502,-8.46412,-8.1344,3.83464,0,3502,36.3612,14.2575,50.9294,0.899486,0,,,,
cand_003,903,30,873,630,10,903,-58.9105,-63.332,49.6288,0.135105,903,-238.67,-232.145,163.28,0.0598007,903,-26.3879,-25.0998,20.5881,0.0741971,903,-0.266994,-0.2595,0.100865,0,903,-0.94938,-0.911529,0.475401,0.0265781,903,-7.37768,-7.18834,3.79424,0.0321152,903,78.6173,88.3714,86.0861,0.782946,0,,,,
cand_004,3549,33,3516,2054,13,3549,-64.0566,-69.0109,48.7462,0.116653,3549,-199.889,-201.749,95.059,0.0194421,3549,-27.6832,-26.6533,13.9696,0,3549,-0.191547,-0.1881,0.0655381,0.00507185,3549,-0.814862,-0.765788,0.414921,0.00619893,3549,-7.25702,-6.83682,3.81686,0.00958016,3549,30.3718,11.999,44.9756,0.963652,0,,,,
cand_005,1290,25,1265,725,8,1290,-69.0373,-65.3339,64.5301,0.129457,1290,-196.586,-171.837,156.941,0.0821705,1290,-23.0915,-20.6149,18.8185,0.0736434,1290,-0.211607,-0.2102,0.0704215,0.00155039,1290,-0.722034,-0.673289,0.40945,0.0248062,1290,-5.6551,-5.36295,3.48292,0.0379845,1290,30.8188,44.5667,83.1462,0.645736,0,,,,
cand_006,1105,21,1084,496,7,1105,-67.9808,-74.2153,50.0982,0.108597,1105,-307.928,-299.034,131.023,0.00542986,1105,-31.7747,-30.6541,16.489,0.0144796,1105,-0.206816,-0.2057,0.0694543,0.00723982,1105,-0.879127,-0.856413,0.385501,0.0126697,1105,-7.36037,-7.21868,3.32399,0.0144796,1105,107.076,122.595,81.5241,0.843439,0,,,,
cand_007,1478,26,1452,1293,8,1478,-69.5294,-74.187,49.4874,0.108931,1478,-291.533,-291.425,110.725,0.00270636,1478,-33.1912,-31.8484,15.2034,0.00202977,1478,-0.222398,-0.2258,0.0694299,0.00811908,1478,-1.11245,-1.09581,0.408783,0,1478,-10.11,-9.9856,3.59616,0,1478,-29.1763,-45.6619,90.86,0.367388,0,,,,
cand_008,2201,35,2166,1560,12,2201,-68.6517,-73.2149,49.8486,0.0976829,2201,-243.546,-238.847,110.79,0.00954112,2201,-29.4956,-28.5143,15.2053,0.0104498,2201,-0.21,-0.2086,0.0680618,0.00136302,2201,-0.977592,-0.957582,0.406358,0.00272603,2201,-8.76086,-8.61454,3.60199,0.00181736,2201,104.855,82.774,89.2472,0.961381,0,,,,
cand_009,3579,31,3548,1039,11,3579,-67.5126,-73.3929,48.4587,0.108969,3579,-208.807,-210.637,94.6762,0.00977927,3579,-27.4366,-26.4752,14.0594,0,3579,-0.198963,-0.1959,0.0631674,0.00167645,3579,-0.720323,-0.657966,0.412243,0.0122939,3579,-6.07572,-5.60746,3.77571,0.0251467,3579,23.9011,9.5621,37.0407,0.993015,0,,,,
cand_010,390,6,384,379,7,390,-107.768,-114.922,45.6953,0.0153846,390,-448.195,-462.488,151.908,0.0025641,390,-46.4247,-44.4009,19.7964,0.00512821,390,-0.328258,-0.34025,0.10411,0,390,-1.2555,-1.22311,0.515135,0.0128205,390,-9.83662,-9.57331,4.10188,0.0153846,390,88.6411,54.0742,87.6416,0.961538,0,,,,
cand_011,2231,35,2196,1582,11,2231,-69.2276,-73.7358,49.8853,0.106679,2231,-249.136,-247.655,108.55,0.0107575,2231,-29.8262,-29.3394,15.0122,0.00851636,2231,-0.213778,-0.2139,0.0682836,0.00448229,2231,-0.905735,-0.889642,0.405881,0.0103093,2231,-7.85218,-7.76705,3.60901,0.0129987,2231,100.66,78.2399,90.9829,0.868221,0,,,,
cand_012,922,25,897,639,9,922,-57.2211,-63.0294,49.096,0.146421,922,-233.741,-234.18,161.976,0.0780911,922,-26.8292,-25.0998,20.1391,0.0748373,922,-0.257053,-0.2521,0.0971501,0.00542299,922,-0.926812,-0.90223,0.460844,0.0281996,922,-7.15914,-7.04576,3.689,0.0292842,922,-9.79733,-3.6116,88.5119,0.4859,0,,,,
cand_013,891,14,877,627,9,891,-59.7574,-60.7467,48.8428,0.118967,891,-229.81,-216.793,160.582,0.0684624,891,-26.3736,-24.2769,20.2965,0.0684624,891,-0.261935,-0.2526,0.0991372,0.003367,891,-0.968997,-0.915742,0.46459,0.0123457,891,-7.5967,-7.40631,3.67942,0.016835,891,39.6743,52.0493,83.4761,0.664422,0,,,,
cand_014,2188,19,2169,1560,10,2188,-65.926,-71.0351,49.6058,0.112888,2188,-235.579,-232.627,106.095,0.00914077,2188,-29.6198,-28.5143,14.8923,0.00731261,2188,-0.204904,-0.2035,0.0644418,0.00274223,2188,-0.901304,-0.874759,0.397795,0.00776965,2188,-7.86709,-7.66819,3.54307,0.00731261,2188,94.0636,67.2574,90.0738,0.862431,0,,,,
cand_015,3624,31,3593,2098,14,3624,-63.5987,-68.8606,48.9953,0.116446,3624,-198.946,-200.697,94.8469,0.0140728,3624,-27.5206,-26.6533,13.9676,0,3624,-0.190952,-0.1877,0.0626943,0.0035872,3624,-0.674566,-0.625536,0.408074,0.0198675,3624,-5.57193,-5.15799,3.74822,0.0458057,3624,24.562,9.0748,40.0827,0.991998,0,,,,
cand_016,1993,11,1982,1065,8,1993,-41.0383,-45.9569,48.2529,0.18866,1993,-187.691,-180.928,112.782,0.0351229,1993,-26.9781,-24.5536,17.3169,0.0230808,1993,-0.180639,-0.177,0.06565,0.00351229,1993,-0.62767,-0.56133,0.463848,0.0546914,1993,-4.97644,-4.4658,4.21518,0.0943302,1993,29.8731,9.0643,49.0033,0.982439,0,,,,
cand_017,3549,26,3523,2058,14,3549,-65.7392,-69.9537,50.2253,0.122288,3549,-209.988,-209.567,95.639,0.0177515,3549,-27.5942,-26.6533,13.8318,0,3549,-0.197925,-0.1934,0.066878,0.00535362,3549,-0.727935,-0.679398,0.413798,0.0174697,3549,-6.15391,-5.78764,3.81346,0.0326853,3549,29.8605,11.7981,44.5525,0.987884,0,,,,
cand_018,380,9,371,370,7,380,-105.149,-109.253,47.2967,0.0236842,380,-432.512,-451.914,148.525,0.00526316,380,-45.4105,-42.2628,19.238,0.00263158,380,-0.316827,-0.32715,0.105305,0.00263158,380,-1.28557,-1.26469,0.50061,0.0131579,380,-10.351,-10.1959,4.0146,0.0131579,380,80.2137,47.656,79.9108,1,0,,,,
cand_019,3586,30,3556,2077,13,3586,-64.0636,-69.7795,50.0179,0.123815,3586,-201.899,-201.487,96.4992,0.0178472,3586,-27.2965,-25.6425,13.9587,0,3586,-0.192503,-0.1886,0.0656225,0.0044618,3586,-0.736416,-0.678183,0.411691,0.0125488,3586,-6.30592,-5.82195,3.77425,0.0206358,3586,22.8999,8.84645,36.3902,0.976854,0,,,,
cand_020,103,3,100,82,4,103,-58.1711,-58.9708,31.9713,0.0291262,103,-311.909,-330.222,152.317,0.0291262,103,-32.9111,-28.1079,20.5585,0.038835,103,-0.290937,-0.3009,0.110132,0,103,-1.07593,-1.05821,0.48082,0.0291262,103,-8.06317,-7.6211,3.53019,0.0291262,103,156.23,172.188,87.9789,1,0,,,,
cand_021,1479,29,1450,1287,10,1479,-68.4627,-71.7979,48.376,0.0987153,1479,-282.172,-278.778,111.001,0.0040568,1479,-32.5476,-31.0232,15.3153,0.00270453,1479,-0.216761,-0.2175,0.0724844,0.00473293,1479,-0.852876,-0.820342,0.416763,0.0182556,1479,-7.06301,-6.85884,3.64567,0.0196078,1479,112.484,106.35,92.5723,0.867478,0,,,,
cand_022,2551,35,2516,1438,14,2551,-68.4787,-64.3724,65.6726,0.138377,2551,-190.536,-164.44,157.682,0.0885927,2551,-22.8684,-20.6149,18.741,0.0776166,2551,-0.209376,-0.2061,0.0704375,0.00627205,2551,-0.76478,-0.713632,0.404601,0.0101921,2551,-6.13741,-5.80949,3.43746,0.0199922,2551,-43.8242,-33.7372,84.7482,0.398275,0,,,,
cand_023,3581,17,3564,1041,9,3581,-66.3455,-71.0839,51.4283,0.124546,3581,-214,-211.909,96.2976,0.0117286,3581,-27.2519,-25.2508,13.7831,0,3581,-0.200395,-0.1967,0.0662799,0.00139626,3581,-0.710611,-0.654178,0.409283,0.0175929,3581,-5.93583,-5.5144,3.75965,0.0404915,3581,21.9594,8.4345,35.7548,0.956157,0,,,,
cand_024,1459,26,1433,1275,8,1459,-68.5054,-71.8442,49.5974,0.109664,1459,-288.074,-285.175,110.992,0.00479781,1459,-33.1893,-31.8484,15.2842,0.0027416,1459,-0.219417,-0.2211,0.0739212,0.00959561,1459,-0.955382,-0.921325,0.416726,0.0123372,1459,-8.2241,-8.00511,3.64581,0.0130226,1459,110.185,92.8974,91.3604,0.920493,0,,,,
cand_025,2201,33,2168,1563,12,2201,-67.2772,-71.5658,49.3296,0.110859,2201,-237.647,-234.975,110.378,0.0159019,2201,-29.5603,-28.5143,15.0959,0.0081781,2201,-0.205616,-0.2053,0.0681175,0.0104498,2201,-0.911279,-0.888668,0.405173,0.00681508,2201,-7.97778,-7.84699,3.59247,0.00772376,2201,88.086,62.6928,89.3753,0.820082,0,,,,
cand_026,3584,26,3558,2081,13,3584,-65.1425,-69.3364,49.1014,0.113839,3584,-206.402,-208.037,94.1464,0.0128348,3584,-27.8381,-26.6533,13.825,0,3584,-0.195781,-0.19155,0.0639195,0.00446429,3584,-0.820363,-0.779212,0.40923,0.00530134,3584,-7.28588,-6.96638,3.77822,0.00837054,3584,30.2856,10.951,47.3903,0.912388,0,,,,
cand_027,1260,10,1250,714,6,1260,-66.3039,-63.7688,66.8375,0.149206,1260,-178.178,-149.497,158.405,0.103175,1260,-22.6685,-20.6149,18.6463,0.0809524,1260,-0.202047,-0.1986,0.070108,0.00555556,1260,-0.623094,-0.574029,0.400379,0.0349206,1260,-4.61028,-4.24065,3.39965,0.0698413,1260,34.4776,44.0914,85.8382,0.619048,0,,,,
cand_028,3653,17,3636,1062,10,3653,-60.3661,-65.214,49.2736,0.133863,3653,-191.012,-193.762,93.7804,0.0194361,3653,-27.7222,-26.6533,13.7897,0,3653,-0.184513,-0.1807,0.0607352,0.0057487,3653,-0.734938,-0.690165,0.40157,0.00821243,3653,-6.32672,-6.02659,3.70316,0.0213523,3653,25.0118,8.5365,42.8985,0.976731,0,,,,
cand_029,1093,21,1072,977,8,1093,-67.9049,-73.2897,49.4408,0.10979,1093,-299.694,-290.051,129.216,0.010064,1093,-31.7017,-30.6541,16.3829,0.0155535,1093,-0.202506,-0.2024,0.0698588,0.010064,1093,-0.893751,-0.869553,0.383006,0.0118939,1093,-7.54454,-7.42045,3.30437,0.0118939,1093,-61.7172,-46.2511,82.5738,0.348582,0,,,,
cand_030,1495,24,1471,1294,9,1495,-66.4102,-71.3028,49.1726,0.113712,1495,-277.375,-276.278,109.66,0.00602007,1495,-32.5946,-31.0232,15.0347,0.00334448,1495,-0.214333,-0.2167,0.0684005,0.00869565,1495,-1.00122,-0.977589,0.405961,0.00401338,1495,-8.84574,-8.70264,3.56919,0.00401338,1495,7.11833,2.4676,90.0218,0.505686,0,,,,
cand_031,2209,34,2175,1557,12,2209,-65.9514,-70.1302,49.1717,0.106383,2209,-231.413,-225.751,107.88,0.0140335,2209,-28.9639,-28.2504,14.7257,0.0108646,2209,-0.202911,-0.2019,0.0669873,0.00452694,2209,-0.830135,-0.799216,0.396884,0.0158443,2209,-7.07165,-6.8608,3.51246,0.017655,2209,112.628,102.896,89.5041,0.897691,0,,,,
cand_032,1427,12,1415,1251,7,1427,-64.3233,-68.2447,48.9729,0.119131,1427,-275.111,-271.172,108.346,0.00280308,1427,-33.3071,-31.8484,15.099,0.000700771,1427,-0.210617,-0.2102,0.0672302,0.00770848,1427,-0.948697,-0.922391,0.403914,0.00770848,1427,-8.20504,-8.03475,3.54813,0.00770848,1427,95.0641,80.3281,90.5365,0.810792,0,,,,
cand_033,5181,18,5163,2340,14,5181,-42.6666,-47.71,48.67,0.183362,5181,-149.727,-142.376,110.998,0.0644663,5181,-22.9092,-21.859,16.2398,0.0548157,5181,-0.176551,-0.1729,0.0644405,0.00193013,5181,-0.669588,-0.614928,0.44464,0.0486393,5181,-5.67393,-5.30515,4.0707,0.0673615,5181,31.6989,11.0394,49.1411,0.983015,0,,,,
cand_034,1453,12,1441,1273,7,1453,-72.1405,-74.6662,47.7696,0.0770819,1453,-289.656,-285.891,112.032,0.00344116,1453,-32.7965,-31.8484,15.1281,0.00344116,1453,-0.221795,-0.2214,0.074283,0.00344116,1453,-0.908363,-0.877633,0.416114,0.00550585,1453,-7.61606,-7.40971,3.60633,0.00619408,1453,92.9542,65.1647,85.8081,0.962836,0,,,,
cand_035,1463,10,1453,1295,8,1463,-74.6036,-78.0795,47.5703,0.0799727,1463,-301.282,-299.061,113.755,0.00478469,1463,-33.2759,-31.8484,15.065,0.00273411,1463,-0.229313,-0.2305,0.0729185,0.00546822,1463,-0.853314,-0.811557,0.412476,0.00956938,1463,-6.89799,-6.60327,3.57129,0.0109364,1463,79.7814,43.4461,85.0344,0.937116,0,,,,
cand_036,2566,27,2539,1440,12,2566,-73.1975,-70.1197,65.2142,0.130164,2566,-210.666,-191.983,157.888,0.0697584,2566,-23.5561,-22.4631,18.7047,0.0674201,2566,-0.220928,-0.2183,0.0732154,0.00389712,2566,-0.893989,-0.833157,0.410055,0.00584567,2566,-7.46723,-7.12969,3.45901,0.00584567,2566,-19.279,-7.51,82.2981,0.482073,0,,,,
cand_037,5241,20,5221,2362,15,5241,-41.394,-46.9368,47.996,0.187178,5241,-141.285,-133.768,111.12,0.081473,5241,-22.7395,-21.859,16.3398,0.0513261,5241,-0.170344,-0.1671,0.0623611,0.00457928,5241,-0.613443,-0.556997,0.442371,0.0574318,5241,-5.05767,-4.63958,4.04297,0.0870063,5241,26.5398,8.7515,43.7626,0.991605,0,,,,
cand_038,769,4,765,678,5,769,-86.2468,-86.0253,40.9992,0.0117035,769,-372.82,-370.71,135.624,0.00650195,769,-41.8417,-39.641,16.7213,0.00520156,769,-0.269165,-0.2687,0.0808987,0.00650195,769,-1.18845,-1.15171,0.413539,0.00390117,769,-10.0285,-9.86809,3.48303,0.00260078,769,86.0913,57.0727,84.3964,0.905072,0,,,,
cand_039,465,1,464,438,2,465,-86.6558,-87.2515,41.1681,0.0107527,465,-349.888,-351.425,117.404,0.00215054,465,-42.1878,-40.0948,16.7144,0,465,-0.268385,-0.2655,0.0815448,0.00215054,465,-1.2193,-1.19432,0.467853,0,465,-10.5706,-10.3765,4.05582,0,465,72.0812,34.0054,84.8491,0.913978,0,,,,
cand_040,3625,24,3601,2101,13,3625,-62.5158,-67.4393,50.4029,0.13269,3625,-199.744,-200.576,95.55,0.0176552,3625,-27.4302,-25.794,13.8308,0,3625,-0.190348,-0.1857,0.0641965,0.0057931,3625,-0.67149,-0.622955,0.406555,0.0226207,3625,-5.53278,-5.17675,3.74026,0.0524138,3625,23.8103,8.8549,39.5197,0.99531,0,,,,
cand_041,3571,23,3548,1035,5,3571,-76.9957,-83.0967,48.2636,0.0851302,3571,-176.628,-178.688,94.4568,0.0378045,3571,-21.8776,-21.0615,14.0626,0.0478857,3571,-0.179232,-0.176,0.062763,0.00700084,3571,-0.486128,-0.429474,0.412547,0.101092,3571,-3.59781,-3.13139,3.78024,0.177261,3571,24.0163,9.6555,37.069,0.9972,0,,,,
cand_042,912,11,901,636,8,912,-57.4265,-62.0921,48.4008,0.128289,912,-222.442,-222.745,159.48,0.0899123,912,-26.7456,-25.0998,19.9091,0.0712719,912,-0.249999,-0.24205,0.0954895,0.0109649,912,-0.808648,-0.774644,0.452525,0.0350877,912,-5.9032,-5.72476,3.60105,0.0482456,912,46.8217,51.0461,85.4226,0.657895,0,,,,
cand_043,201,2,199,159,6,201,-54.0971,-54.6662,26.3053,0.0248756,201,-300.363,-312.282,145.321,0.0248756,201,-34.666,-28.1079,21.1001,0.0298507,201,-0.271627,-0.2792,0.103416,0.00995025,201,-1.13809,-1.09681,0.476669,0.00497512,201,-8.73627,-8.3906,3.46334,0.00497512,201,134.757,149.73,87.1516,0.920398,0,,,,
cand_044,914,10,904,633,9,914,-57.0923,-61.0061,48.7356,0.141138,914,-221.803,-216.374,162.666,0.0754923,914,-27.1529,-25.0998,20.1502,0.0700219,914,-0.250823,-0.2407,0.101028,0.0109409,914,-1.00768,-0.963992,0.473132,0.0142232,914,-8.00225,-7.78111,3.71606,0.0109409,914,109.932,122.446,82.992,0.864333,0,,,,
cand_045,621,10,611,614,8,621,-90.1241,-91.0488,42.2488,0.0225443,621,-369.191,-367.173,137.963,0.0161031,621,-40.7723,-39.6143,19.0251,0.0161031,621,-0.27041,-0.2712,0.0867586,0.0144928,621,-1.10062,-1.08626,0.47257,0.0225443,621,-8.9061,-8.87885,3.98103,0.0257649,621,92.3999,66.7443,83.3158,0.982287,0,,,,
cand_046,2215,13,2202,1578,10,2215,-70.4598,-73.0522,49.904,0.100226,2215,-247.29,-245.094,105.051,0.00767494,2215,-29.3366,-28.5143,14.2915,0.00632054,2215,-0.21377,-0.2115,0.0699878,0.00316027,2215,-0.755851,-0.73413,0.396683,0.0148984,2215,-6.06055,-5.87979,3.48466,0.0266366,2215,100.435,76.0352,85.5329,0.989165,0,,,,
cand_047,375,8,367,365,6,375,-104.817,-108.729,46.4423,0.0213333,375,-430.996,-444.243,150.479,0.008,375,-46.2052,-42.2628,19.8801,0,375,-0.317631,-0.3279,0.103954,0.016,375,-1.39105,-1.35524,0.516753,0.00533333,375,-11.5021,-11.3765,4.1557,0.008,375,97.6205,73.477,86.4644,0.941333,0,,,,
cand_048,630,7,623,620,7,630,-91.5594,-91.0653,41.8252,0.015873,630,-372.683,-370.822,140.529,0.00793651,630,-40.7121,-39.641,19.2633,0.0142857,630,-0.272656,-0.27215,0.0876456,0.00793651,630,-1.06602,-1.06163,0.482129,0.0190476,630,-8.48598,-8.42441,4.04599,0.0238095,630,87.1576,60.4308,80.3608,0.993651,0,,,,
cand_049,384,5,379,376,6,384,-103.961,-110.227,45.4178,0.0260417,384,-432.417,-441.293,152.601,0.0078125,384,-47.3507,-46.5391,20.2129,0,384,-0.318979,-0.33405,0.101332,0.0130208,384,-1.4329,-1.39236,0.524808,0,384,-11.8732,-11.5715,4.19178,0.00260417,384,76.6759,51.5286,91.9859,0.708333,0,,,,
cand_050,3201,34,3167,1756,14,3201,-55.0279,-55.4094,54.6922,0.156514,3201,-211.741,-189.778,138.95,0.0406123,3201,-25.2927,-23.1911,18.7665,0.0621681,3201,-0.187004,-0.1837,0.0681129,0.00968447,3201,-0.724394,-0.691275,0.449279,0.0431115,3201,-5.95822,-5.66799,3.95014,0.0515464,3201,89.1019,62.2837,92.8383,0.783505,0,,,,
cand_051,313,23,290,299,8,313,-95.1348,-99.7896,53.9643,0.0447284,313,-469.212,-491.398,195.501,0.0351438,313,-45.2765,-44.0856,24.0469,0.0415335,313,-0.274996,-0.2843,0.127738,0.057508,313,-1.2208,-1.21093,0.581644,0.0415335,313,-9.8337,-9.84996,4.62047,0.0415335,313,139.428,158.788,87.6222,0.904153,0,,,,
cand_052,633,11,622,627,8,633,-89.1439,-91.3582,41.0255,0.014218,633,-360.33,-357.95,134.847,0.00947867,633,-40.5575,-39.6143,18.672,0.0173776,633,-0.265225,-0.2667,0.0840291,0.00631912,633,-1.12749,-1.10653,0.46426,0.0126382,633,-9.27419,-9.16885,3.90843,0.0173776,633,83.3184,55.4244,80.7531,0.988942,0,,,,
cand_053,2186,14,2172,1558,11,2186,-69.0412,-71.8227,49.8564,0.1043,2186,-238.312,-234.14,108.697,0.0128088,2186,-28.9801,-28.5143,14.496,0.00869167,2186,-0.207387,-0.20315,0.0710504,0.0073193,2186,-0.835165,-0.806796,0.399081,0.00960659,2186,-7.04613,-6.88624,3.49336,0.0114364,2186,88.063,63.8835,82.2779,0.934584,0,,,,
cand_054,316,21,295,307,8,316,-96.9792,-103.272,51.601,0.0537975,316,-476.101,-508.333,195.299,0.0379747,316,-45.3614,-45.3203,23.5146,0.0379747,316,-0.275611,-0.2905,0.122629,0.0601266,316,-1.21589,-1.25954,0.561644,0.0443038,316,-9.76996,-10.2013,4.49074,0.0443038,316,-91.6787,-80.1875,91.3065,0.259494,0,,,,
cand_055,640,7,633,632,7,640,-89.7474,-89.6271,40.3846,0.0171875,640,-360.276,-362.179,136.642,0.0109375,640,-40.6362,-39.6277,18.7799,0.0140625,640,-0.264801,-0.26645,0.0841348,0.009375,640,-1.15085,-1.11729,0.470978,0.00625,640,-9.53097,-9.35781,3.9521,0.009375,640,74.8079,46.8737,77.5005,0.917188,0,,,,
cand_056,2239,33,2206,1578,12,2239,-63.5394,-67.8969,49.2271,0.124163,2239,-226.521,-223.029,105.491,0.0183117,2239,-29.2959,-28.5143,14.5511,0.00893256,2239,-0.198977,-0.1984,0.0670459,0.0111657,2239,-0.880814,-0.85458,0.39576,0.00893256,2239,-7.6733,-7.47097,3.51099,0.00937919,2239,120.801,112.622,89.7671,0.922733,0,,,,
cand_057,1475,23,1452,1277,7,1475,-64.5245,-67.9952,49.2405,0.120678,1475,-270.664,-266.173,109.707,0.00881356,1475,-32.5941,-31.0232,15.1141,0.0040678,1475,-0.209191,-0.2093,0.0725642,0.0169492,1475,-0.904759,-0.867313,0.413131,0.0115254,1475,-7.71587,-7.48116,3.60981,0.0128814,1475,97.8113,92.2445,90.7678,0.792542,0,,,,
cand_058,2208,31,2177,1561,11,2208,-64.0653,-68.2116,48.5677,0.119565,2208,-223.728,-217.759,107.151,0.0208333,2208,-29.034,-28.1055,14.6164,0.00860507,2208,-0.197277,-0.1959,0.0666117,0.0126812,2208,-0.729062,-0.693392,0.395955,0.0226449,2208,-5.90987,-5.66538,3.50557,0.0335145,2208,120.814,108.285,89.8245,0.977808,0,,,,
cand_059,1903,27,1876,1056,11,1903,-56.5938,-59.6294,52.8595,0.143458,1903,-171.415,-165.634,168.285,0.150289,1903,-25.6533,-23.5275,19.9869,0.100893,1903,-0.239165,-0.2354,0.0899131,0.00893326,1903,-0.941752,-0.881596,0.442341,0.0105097,1903,-7.54251,-7.07515,3.58418,0.0105097,1903,124.421,139.234,83.3117,0.89753,0,,,,
cand_060,772,10,762,634,4,772,-102.729,-104.385,40.2653,0,772,-354.769,-365.096,152.854,0.00906736,772,-34.4972,-33.1693,18.8563,0.0310881,772,-0.278911,-0.28345,0.0885417,0.00259067,772,-1.06942,-1.02466,0.422804,0.00388601,772,-8.55339,-8.34057,3.43211,0.00388601,772,88.5349,113.227,82.4512,0.810881,0,,,,
cand_061,2208,28,2180,1555,10,2208,-62.8761,-68.0406,49.0676,0.12183,2208,-222.201,-218.636,104.497,0.0144928,2208,-28.9478,-28.2504,14.4907,0.00860507,2208,-0.196775,-0.19665,0.0648768,0.00634058,2208,-1.00074,-0.960728,0.390501,0,2208,-9.14595,-8.85097,3.46692,0,2208,75.7643,61.793,91.2896,0.712862,0,,,,
cand_062,1930,25,1905,1072,14,1930,-55.991,-58.7458,52.0711,0.137824,1930,-161.624,-153.867,169.985,0.175648,1930,-25.7677,-23.5275,20.0216,0.0948187,1930,-0.230904,-0.22735,0.0896793,0.0108808,1930,-0.866685,-0.811592,0.44341,0.0145078,1930,-6.73483,-6.32173,3.58533,0.0212435,1930,21.785,29.9751,90.2418,0.581865,0,,,,
