candidate_id,n_pairs,corr_Hf_Q,n_Hf_Q,corr_Hf_OBgood,n_Hf_OBgood,corr_Hf_Pe,n_Hf_Pe,corr_Hf_D,n_Hf_D,corr_Hf_P,n_Hf_P,corr_Hf_IS,n_Hf_IS,corr_Hf_nu,n_Hf_nu,corr_Q_OBgood,n_Q_OBgood,corr_Q_Pe,n_Q_Pe,corr_Q_D,n_Q_D,corr_Q_P,n_Q_P,corr_Q_IS,n_Q_IS,corr_Q_nu,n_Q_nu,corr_OBgood_Pe,n_OBgood_Pe,corr_OBgood_D,n_OBgood_D,corr_OBgood_P,n_OBgood_P,corr_OBgood_IS,n_OBgood_IS,corr_OBgood_nu,n_OBgood_nu,corr_Pe_D,n_Pe_D,corr_Pe_P,n_Pe_P,corr_Pe_IS,n_Pe_IS,corr_Pe_nu,n_Pe_nu,corr_D_P,n_D_P,corr_D_IS,n_D_IS,corr_D_nu,n_D_nu,corr_P_IS,n_P_IS,corr_P_nu,n_P_nu,corr_IS_nu,n_IS_nu
cand_001,1464,0.599191,1464,0.264333,1464,0.701564,1464,0.338682,1464,0.286873,1464,0.13337,1464,,0,0.793635,1464,0.776792,1464,0.788031,1464,0.760327,1464,-0.274621,1464,,0,0.56985,1464,0.963978,1464,0.967357,1464,-0.51484,1464,,0,0.70021,1464,0.65133,1464,-0.209126,1464,,0,0.996963,1464,-0.491616,1464,,0,-0.50281,1464,,0,,0
cand_002,3502,0.597706,3502,0.2407,3502,0.683672,3502,0.312537,3502,0.265033,3502,-0.0133151,3502,,0,0.766792,3502,0.857408,3502,0.787545,3502,0.75683,3502,-0.311735,3502,,0,0.623453,3502,0.970093,3502,0.970683,3502,-0.452139,3502,,0,0.727791,3502,0.684825,3502,-0.312197,3502,,0,0.997307,3502,-0.421958,3502,,0,-0.414673,3502,,0,,0
cand_003,903,0.522088,903,0.323845,903,0.826199,903,0.50738,903,0.436516,903,0.0468249,903,,0,0.882381,903,0.63219,903,0.852169,903,0.84702,903,-0.248774,903,,0,0.477419,903,0.935817,903,0.954609,903,-0.272067,903,,0,0.712506,903,0.641193,903,-0.0525358,903,,0,0.993732,903,-0.218562,903,,0,-0.246417,903,,0,,0
cand_004,3549,0.592357,3549,0.248997,3549,0.678566,3549,0.307839,3549,0.259442,3549,-0.0134105,3549,,0,0.775349,3549,0.856847,3549,0.784534,3549,0.754732,3549,-0.332365,3549,,0,0.656807,3549,0.974359,3549,0.973998,3549,-0.48182,3549,,0,0.742196,3549,0.700116,3549,-0.325875,3549,,0,0.997266,3549,-0.457186,3549,,0,-0.450798,3549,,0,,0
cand_005,1290,0.592936,1290,0.406991,1290,0.599693,1290,0.43986,1290,0.393531,1290,0.0349416,1290,,0,0.897737,1290,0.5072,1290,0.831496,1290,0.827785,1290,-0.12936,1290,,0,0.413414,1290,0.946475,1290,0.958106,1290,-0.161466,1290,,0,0.622942,1290,0.555832,1290,-0.0477337,1290,,0,0.995505,1290,-0.14208,1290,,0,-0.15483,1290,,0,,0
cand_006,1105,0.429786,1105,0.246946,1105,0.622178,1105,0.323499,1105,0.263439,1105,0.0364912,1105,,0,0.868853,1105,0.541765,1105,0.806354,1105,0.797614,1105,0.00182613,1105,,0,0.42312,1105,0.941755,1105,0.95294,1105,-0.00638011,1105,,0,0.635205,1105,0.570125,1105,-0.0682904,1105,,0,0.995645,1105,-0.0168431,1105,,0,-0.0182497,1105,,0,,0
cand_007,1478,0.586172,1478,0.246942,1478,0.685207,1478,0.304196,1478,0.250897,1478,0.179792,1478,,0,0.793989,1478,0.767884,1478,0.784059,1478,0.756377,1478,-0.239869,1478,,0,0.571649,1478,0.968794,1478,0.971259,1478,-0.508002,1478,,0,0.689181,1478,0.639101,1478,-0.188476,1478,,0,0.996939,1478,-0.5012,1478,,0,-0.516747,1478,,0,,0
cand_008,2201,0.581299,2201,0.277156,2201,0.686921,2201,0.335116,2201,0.284014,2201,0.110828,2201,,0,0.809636,2201,0.77169,2201,0.804206,2201,0.778842,2201,-0.266445,2201,,0,0.585851,2201,0.970519,2201,0.972877,2201,-0.530888,2201,,0,0.700056,2201,0.651213,2201,-0.245565,2201,,0,0.997033,2201,-0.524341,2201,,0,-0.533402,2201,,0,,0
cand_009,3579,0.581597,3579,0.24669,3579,0.671782,3579,0.294432,3579,0.245368,3579,0.00426995,3579,,0,0.781462,3579,0.85206,3579,0.781558,3579,0.753764,3579,-0.346773,3579,,0,0.684433,3579,0.978304,3579,0.977565,3579,-0.541182,3579,,0,0.755646,3579,0.7151,3579,-0.329718,3579,,0,0.997318,3579,-0.524931,3579,,0,-0.522669,3579,,0,,0
cand_010,390,0.734427,390,0.417183,390,0.85883,390,0.54445,390,0.489912,390,-0.0784076,390,,0,0.795406,390,0.840449,390,0.818349,390,0.789299,390,-0.369146,390,,0,0.610587,390,0.962815,390,0.969977,390,-0.555541,390,,0,0.753324,390,0.704038,390,-0.290443,390,,0,0.996144,390,-0.536845,390,,0,-0.545137,390,,0,,0
cand_011,2231,0.560064,2231,0.235868,2231,0.667435,2231,0.299737,2231,0.248002,2231,0.125603,2231,,0,0.792103,2231,0.772202,2231,0.791782,2231,0.764532,2231,-0.273468,2231,,0,0.562298,2231,0.966847,2231,0.969538,2231,-0.530699,2231,,0,0.688352,2231,0.638087,2231,-0.241403,2231,,0,0.996938,2231,-0.51385,2231,,0,-0.52141,2231,,0,,0
cand_012,922,0.51267,922,0.323888,922,0.83558,922,0.506917,922,0.434317,922,0.0387251,922,,0,0.878282,922,0.631496,922,0.848892,922,0.84306,922,-0.201272,922,,0,0.477404,922,0.93835,922,0.955091,922,-0.257916,922,,0,0.701424,922,0.62732,922,-0.00252545,922,,0,0.993551,922,-0.184869,922,,0,-0.206081,922,,0,,0
cand_013,891,0.486429,891,0.293425,891,0.816109,891,0.479294,891,0.403538,891,0.046127,891,,0,0.879674,891,0.622487,891,0.849964,891,0.846471,891,-0.18035,891,,0,0.472001,891,0.9356,891,0.956668,891,-0.214888,891,,0,0.712293,891,0.637921,891,-0.0627665,891,,0,0.993492,891,-0.185038,891,,0,-0.206352,891,,0,,0
cand_014,2188,0.554131,2188,0.226908,2188,0.668049,2188,0.279248,2188,0.225887,2188,0.105898,2188,,0,0.791723,2188,0.755502,2188,0.78733,2188,0.76095,2188,-0.229206,2188,,0,0.559768,2188,0.970374,2188,0.97227,2188,-0.497897,2188,,0,0.674875,2188,0.623244,2188,-0.21955,2188,,0,0.996925,2188,-0.482459,2188,,0,-0.488555,2188,,0,,0
cand_015,3624,0.588291,3624,0.239714,3624,0.671939,3624,0.284357,3624,0.23453,3624,-0.0429876,3624,,0,0.777458,3624,0.85023,3624,0.783227,3624,0.755065,3624,-0.319364,3624,,0,0.670471,3624,0.980147,3624,0.979949,3624,-0.478368,3624,,0,0.742511,3624,0.700459,3624,-0.345792,3624,,0,0.997356,3624,-0.467512,3624,,0,-0.459685,3624,,0,,0
cand_016,1993,0.512708,1993,0.204902,1993,0.676762,1993,0.27343,1993,0.227895,1993,-0.00748518,1993,,0,0.829715,1993,0.724416,1993,0.812678,1993,0.789111,1993,-0.469408,1993,,0,0.537901,1993,0.966737,1993,0.967079,1993,-0.619215,1993,,0,0.671206,1993,0.629834,1993,-0.311066,1993,,0,0.997445,1993,-0.593046,1993,,0,-0.587227,1993,,0,,0
cand_017,3549,0.601287,3549,0.23877,3549,0.676952,3549,0.304628,3549,0.25573,3549,0.00544133,3549,,0,0.766625,3549,0.859205,3549,0.792526,3549,0.763356,3549,-0.290742,3549,,0,0.635527,3549,0.974174,3549,0.975188,3549,-0.473346,3549,,0,0.734243,3549,0.691416,3549,-0.307839,3549,,0,0.997306,3549,-0.449364,3549,,0,-0.443296,3549,,0,,0
cand_018,380,0.731607,380,0.370555,380,0.872478,380,0.525504,380,0.465192,380,-0.0566851,380,,0,0.767189,380,0.831613,380,0.808139,380,0.775825,380,-0.329703,380,,0,0.557875,380,0.957805,380,0.967577,380,-0.499322,380,,0,0.725562,380,0.668863,380,-0.252793,380,,0,0.995542,380,-0.47102,380,,0,-0.474037,380,,0,,0
cand_019,3586,0.593011,3586,0.24022,3586,0.670863,3586,0.294444,3586,0.244191,3586,0.0175127,3586,,0,0.768633,3586,0.857732,3586,0.78552,3586,0.756937,3586,-0.318465,3586,,0,0.660344,3586,0.978555,3586,0.979165,3586,-0.533162,3586,,0,0.743379,3586,0.700709,3586,-0.328706,3586,,0,0.997267,3586,-0.524042,3586,,0,-0.521217,3586,,0,,0
cand_020,103,0.574079,103,0.358271,103,0.859184,103,0.578603,103,0.529855,103,-0.112856,103,,0,0.806561,103,0.844065,103,0.858046,103,0.84161,103,-0.380745,103,,0,0.61205,103,0.944367,103,0.958017,103,-0.41273,103,,0,0.802491,103,0.751031,103,-0.227849,103,,0,0.99462,103,-0.38249,103,,0,-0.41347,103,,0,,0
cand_021,1479,0.599215,1479,0.269091,1479,0.695581,1479,0.334361,1479,0.281521,1479,0.0757245,1479,,0,0.794512,1479,0.783443,1479,0.789652,1479,0.761451,1479,-0.236148,1479,,0,0.583614,1479,0.967381,1479,0.969973,1479,-0.377806,1479,,0,0.702306,1479,0.652548,1479,-0.225342,1479,,0,0.996877,1479,-0.355217,1479,,0,-0.357158,1479,,0,,0
cand_022,2551,0.604001,2551,0.4121,2551,0.61351,2551,0.447761,2551,0.400335,2551,-0.00337751,2551,,0,0.896427,2551,0.514814,2551,0.838392,2551,0.833501,2551,-0.0952341,2551,,0,0.408507,2551,0.949071,2551,0.9607,2551,-0.146025,2551,,0,0.61266,2551,0.541897,2551,-0.0675561,2551,,0,0.99528,2551,-0.131332,2551,,0,-0.134245,2551,,0,,0
cand_023,3581,0.600802,3581,0.22929,3581,0.670076,3581,0.288532,3581,0.237439,3581,0.031347,3581,,0,0.765788,3581,0.857364,3581,0.793166,3581,0.764791,3581,-0.297451,3581,,0,0.642049,3581,0.979607,3581,0.981389,3581,-0.524469,3581,,0,0.733954,3581,0.689879,3581,-0.335937,3581,,0,0.997266,3581,-0.524064,3581,,0,-0.520118,3581,,0,,0
cand_024,1459,0.601359,1459,0.268538,1459,0.692737,1459,0.339874,1459,0.286892,1459,0.163072,1459,,0,0.787196,1459,0.778438,1459,0.787817,1459,0.760129,1459,-0.241284,1459,,0,0.567913,1459,0.964959,1459,0.969189,1459,-0.511109,1459,,0,0.700902,1459,0.649413,1459,-0.218219,1459,,0,0.996713,1459,-0.505361,1459,,0,-0.518705,1459,,0,,0
cand_025,2201,0.577185,2201,0.260102,2201,0.679257,2201,0.321804,2201,0.270269,2201,0.113515,2201,,0,0.793914,2201,0.770774,2201,0.797488,2201,0.771359,2201,-0.240537,2201,,0,0.566286,2201,0.968449,2201,0.971325,2201,-0.536587,2201,,0,0.690056,2201,0.639753,2201,-0.2352,2201,,0,0.996932,2201,-0.526022,2201,,0,-0.534612,2201,,0,,0
cand_026,3584,0.594786,3584,0.235203,3584,0.67607,3584,0.291608,3584,0.242719,3584,-0.0467103,3584,,0,0.771279,3584,0.851413,3584,0.786404,3584,0.756789,3584,-0.304086,3584,,0,0.639931,3584,0.975727,3584,0.975933,3584,-0.436958,3584,,0,0.728545,3584,0.6854,3584,-0.334678,3584,,0,0.997341,3584,-0.416094,3584,,0,-0.405636,3584,,0,,0
cand_027,1260,0.615586,1260,0.419461,1260,0.628839,1260,0.457107,1260,0.408931,1260,-0.0395851,1260,,0,0.895952,1260,0.521898,1260,0.844784,1260,0.838772,1260,-0.059564,1260,,0,0.405357,1260,0.951974,1260,0.963497,1260,-0.122785,1260,,0,0.604336,1260,0.530981,1260,-0.0842759,1260,,0,0.995143,1260,-0.115767,1260,,0,-0.108962,1260,,0,,0
cand_028,3653,0.588892,3653,0.222965,3653,0.669124,3653,0.265287,3653,0.214865,3653,-0.0774897,3653,,0,0.771872,3653,0.844145,3653,0.782697,3653,0.754244,3653,-0.294331,3653,,0,0.650893,3653,0.98168,3653,0.981955,3653,-0.425984,3653,,0,0.725685,3653,0.681998,3653,-0.360732,3653,,0,0.997397,3653,-0.418973,3653,,0,-0.406219,3653,,0,,0
cand_029,1093,0.436632,1093,0.23134,1093,0.646828,1093,0.320881,1093,0.25785,1093,0.0288687,1093,,0,0.86953,1093,0.541688,1093,0.81719,1093,0.808285,1093,0.0298296,1093,,0,0.412604,1093,0.944864,1093,0.956917,1093,0.00598961,1093,,0,0.623146,1093,0.554733,1093,-0.069363,1093,,0,0.9955,1093,0.000694995,1093,,0,0.00468356,1093,,0,,0
cand_030,1495,0.585133,1495,0.250261,1495,0.676974,1495,0.298621,1495,0.244245,1495,0.131724,1495,,0,0.795565,1495,0.775042,1495,0.786373,1495,0.758153,1495,-0.197548,1495,,0,0.588637,1495,0.971785,1495,0.9732,1495,-0.380487,1495,,0,0.693684,1495,0.642632,1495,-0.194983,1495,,0,0.996814,1495,-0.369367,1495,,0,-0.377036,1495,,0,,0
cand_031,2209,0.579072,2209,0.279777,2209,0.680927,2209,0.33385,2209,0.281608,2209,0.0333868,2209,,0,0.810682,2209,0.771991,2209,0.805307,2209,0.77958,2209,-0.20851,2209,,0,0.595407,2209,0.972028,2209,0.973911,2209,-0.389138,2209,,0,0.703474,2209,0.653102,2209,-0.282986,2209,,0,0.996863,2209,-0.390389,2209,,0,-0.389811,2209,,0,,0
cand_032,1427,0.580024,1427,0.246255,1427,0.683192,1427,0.304101,1427,0.249012,1427,0.125535,1427,,0,0.785114,1427,0.751267,1427,0.77724,1427,0.748768,1427,-0.161764,1427,,0,0.546013,1427,0.968267,1427,0.971179,1427,-0.420269,1427,,0,0.669585,1427,0.615583,1427,-0.162141,1427,,0,0.996682,1427,-0.416988,1427,,0,-0.428171,1427,,0,,0
cand_033,5181,0.508007,5181,0.219469,5181,0.668095,5181,0.282721,5181,0.237448,5181,-0.0263415,5181,,0,0.822596,5181,0.751717,5181,0.803993,5181,0.778385,5181,-0.461001,5181,,0,0.574169,5181,0.967602,5181,0.966932,5181,-0.550071,5181,,0,0.693492,5181,0.651891,5181,-0.330968,5181,,0,0.997383,5181,-0.514134,5181,,0,-0.504814,5181,,0,,0
cand_034,1453,0.602991,1453,0.230619,1453,0.697965,1453,0.322735,1453,0.269207,1453,0.10469,1453,,0,0.751337,1453,0.804686,1453,0.767093,1453,0.734744,1453,-0.331403,1453,,0,0.549797,1453,0.959342,1453,0.964417,1453,-0.559465,1453,,0,0.699203,1453,0.648054,1453,-0.294285,1453,,0,0.996813,1453,-0.565262,1453,,0,-0.57522,1453,,0,,0
cand_035,1463,0.613929,1463,0.251938,1463,0.699074,1463,0.32969,1463,0.274504,1463,0.0534602,1463,,0,0.756721,1463,0.806924,1463,0.769473,1463,0.736486,1463,-0.261191,1463,,0,0.558048,1463,0.965136,1463,0.969755,1463,-0.49774,1463,,0,0.692814,1463,0.639297,1463,-0.300514,1463,,0,0.996648,1463,-0.518536,1463,,0,-0.52086,1463,,0,,0
cand_036,2566,0.613898,2566,0.41765,2566,0.627069,2566,0.462444,2566,0.413371,2566,0.0529425,2566,,0,0.894609,2566,0.544992,2566,0.8425,2566,0.836135,2566,-0.1849,2566,,0,0.410551,2566,0.940379,2566,0.953202,2566,-0.233931,2566,,0,0.632583,2566,0.562921,2566,-0.0629957,2566,,0,0.995199,2566,-0.204579,2566,,0,-0.218078,2566,,0,,0
cand_037,5241,0.495276,5241,0.20881,5241,0.660961,5241,0.266741,5241,0.221744,5241,-0.0261175,5241,,0,0.825887,5241,0.742237,5241,0.805359,5241,0.78277,5241,-0.459765,5241,,0,0.586145,5241,0.970468,5241,0.970308,5241,-0.584853,5241,,0,0.700161,5241,0.660462,5241,-0.332548,5241,,0,0.997589,5241,-0.561321,5241,,0,-0.554975,5241,,0,,0
cand_038,769,0.54076,769,0.213695,769,0.772031,769,0.346375,769,0.274395,769,-0.00549949,769,,0,0.797871,769,0.673753,769,0.778001,769,0.754573,769,-0.4038,769,,0,0.448079,769,0.945672,769,0.958445,769,-0.521214,769,,0,0.644146,769,0.570247,769,-0.170835,769,,0,0.994824,769,-0.452486,769,,0,-0.46138,769,,0,,0
cand_039,465,0.620277,465,0.195634,465,0.762673,465,0.291135,465,0.22315,465,0.0722434,465,,0,0.720866,465,0.80211,465,0.744334,465,0.706675,465,-0.255615,465,,0,0.540277,465,0.97127,465,0.976098,465,-0.505585,465,,0,0.669234,465,0.608451,465,-0.244952,465,,0,0.99591,465,-0.494423,465,,0,-0.495937,465,,0,,0
cand_040,3625,0.597134,3625,0.229793,3625,0.670212,3625,0.280716,3625,0.229896,3625,-0.0288006,3625,,0,0.768533,3625,0.852444,3625,0.788789,3625,0.760288,3625,-0.293355,3625,,0,0.647527,3625,0.980553,3625,0.981647,3625,-0.469353,3625,,0,0.731125,3625,0.6873,3625,-0.344474,3625,,0,0.997331,3625,-0.464862,3625,,0,-0.456351,3625,,0,,0
cand_041,3571,0.577805,3571,0.242883,3571,0.667756,3571,0.291312,3571,0.242824,3571,0.00668806,3571,,0,0.781254,3571,0.851282,3571,0.781617,3571,0.754356,3571,-0.346034,3571,,0,0.684646,3571,0.978484,3571,0.977989,3571,-0.540625,3571,,0,0.757281,3571,0.71758,3571,-0.329175,3571,,0,0.997384,3571,-0.524431,3571,,0,-0.522253,3571,,0,,0
cand_042,912,0.476714,912,0.298082,912,0.826182,912,0.480952,912,0.404181,912,0.0291165,912,,0,0.879177,912,0.62173,912,0.848393,912,0.844364,912,-0.144968,912,,0,0.476351,912,0.939351,912,0.957958,912,-0.203327,912,,0,0.702905,912,0.626244,912,-0.0139936,912,,0,0.993313,912,-0.154786,912,,0,-0.169801,912,,0,,0
cand_043,201,0.502522,201,0.303326,201,0.842963,201,0.50258,201,0.440996,201,-0.0349829,201,,0,0.816171,201,0.847762,201,0.855442,201,0.839325,201,-0.381378,201,,0,0.629014,201,0.960216,201,0.972435,201,-0.464233,201,,0,0.784639,201,0.731447,201,-0.217786,201,,0,0.99476,201,-0.415913,201,,0,-0.447091,201,,0,,0
cand_044,914,0.526124,914,0.316346,914,0.823272,914,0.517526,914,0.446538,914,0.0259563,914,,0,0.869085,914,0.659365,914,0.854073,914,0.847316,914,-0.34321,914,,0,0.48305,914,0.928972,914,0.949749,914,-0.37705,914,,0,0.73145,914,0.66021,914,-0.133787,914,,0,0.993529,914,-0.328967,914,,0,-0.35611,914,,0,,0
cand_045,621,0.553647,621,0.236886,621,0.772863,621,0.374182,621,0.313505,621,0.0610745,621,,0,0.808008,621,0.72815,621,0.813169,621,0.787142,621,-0.40598,621,,0,0.475008,621,0.954111,621,0.962885,621,-0.567106,621,,0,0.656104,621,0.594312,621,-0.211728,621,,0,0.995639,621,-0.5255,621,,0,-0.534223,621,,0,,0
cand_046,2215,0.570932,2215,0.197464,2215,0.677044,2215,0.293163,2215,0.238974,2215,0.145216,2215,,0,0.773232,2215,0.795803,2215,0.787435,2215,0.756765,2215,-0.295095,2215,,0,0.545472,2215,0.956163,2215,0.960889,2215,-0.549417,2215,,0,0.701986,2215,0.649974,2215,-0.266797,2215,,0,0.996669,2215,-0.533792,2215,,0,-0.540876,2215,,0,,0
cand_047,375,0.727266,375,0.385218,375,0.859012,375,0.514711,375,0.453799,375,-0.0913668,375,,0,0.791358,375,0.835142,375,0.827458,375,0.795537,375,-0.382173,375,,0,0.578394,375,0.965701,375,0.973162,375,-0.542574,375,,0,0.725837,375,0.6698,375,-0.30672,375,,0,0.995568,375,-0.534942,375,,0,-0.538384,375,,0,,0
cand_048,630,0.540462,630,0.230887,630,0.765407,630,0.364227,630,0.302918,630,0.0203766,630,,0,0.821224,630,0.738419,630,0.824323,630,0.79968,630,-0.407303,630,,0,0.505724,630,0.956605,630,0.965513,630,-0.570268,630,,0,0.677552,630,0.617381,630,-0.2796,630,,0,0.995791,630,-0.552445,630,,0,-0.555459,630,,0,,0
cand_049,384,0.731298,384,0.425039,384,0.847764,384,0.531226,384,0.47557,384,-0.0797982,384,,0,0.811533,384,0.842019,384,0.83097,384,0.801245,384,-0.389599,384,,0,0.620164,384,0.969126,384,0.974303,384,-0.579641,384,,0,0.746535,384,0.696105,384,-0.306956,384,,0,0.996073,384,-0.571638,384,,0,-0.582028,384,,0,,0
cand_050,3201,0.493168,3201,0.282227,3201,0.637324,3201,0.342833,3201,0.297765,3201,0.140111,3201,,0,0.874792,3201,0.598384,3201,0.827938,3201,0.814207,3201,-0.377048,3201,,0,0.468159,3201,0.958493,3201,0.963162,3201,-0.502694,3201,,0,0.632711,3201,0.580556,3201,-0.189068,3201,,0,0.99689,3201,-0.484346,3201,,0,-0.496969,3201,,0,,0
cand_051,313,0.687621,313,0.467439,313,0.864888,313,0.625331,313,0.567977,313,-0.0380275,313,,0,0.891325,313,0.755375,313,0.891903,313,0.880108,313,-0.218481,313,,0,0.583531,313,0.944976,313,0.956976,313,-0.254266,313,,0,0.783414,313,0.730351,313,-0.156116,313,,0,0.99408,313,-0.241626,313,,0,-0.265371,313,,0,,0
cand_052,633,0.523047,633,0.228341,633,0.772283,633,0.365353,633,0.304294,633,0.0546131,633,,0,0.820065,633,0.697389,633,0.819704,633,0.799749,633,-0.402003,633,,0,0.471806,633,0.954107,633,0.964615,633,-0.556739,633,,0,0.659407,633,0.598759,633,-0.205021,633,,0,0.995893,633,-0.531955,633,,0,-0.543217,633,,0,,0
cand_053,2186,0.593422,2186,0.241705,2186,0.692724,2186,0.330313,2186,0.276599,2186,0.115863,2186,,0,0.786942,2186,0.799826,2186,0.799429,2186,0.770322,2186,-0.306533,2186,,0,0.566167,2186,0.959628,2186,0.964541,2186,-0.555424,2186,,0,0.714411,2186,0.663849,2186,-0.295218,2186,,0,0.996759,2186,-0.562708,2186,,0,-0.571684,2186,,0,,0
cand_054,316,0.686579,316,0.470035,316,0.890394,316,0.626083,316,0.565235,316,-0.0139839,316,,0,0.883466,316,0.751077,316,0.882833,316,0.869419,316,-0.200123,316,,0,0.582839,316,0.949323,316,0.958985,316,-0.283549,316,,0,0.768428,316,0.71056,316,-0.104942,316,,0,0.99372,316,-0.242165,316,,0,-0.262051,316,,0,,0
cand_055,640,0.503568,640,0.209141,640,0.761143,640,0.344499,640,0.28162,640,0.0360877,640,,0,0.829325,640,0.704176,640,0.828329,640,0.809305,640,-0.384714,640,,0,0.492885,640,0.955581,640,0.966238,640,-0.553564,640,,0,0.675617,640,0.615662,640,-0.253727,640,,0,0.995946,640,-0.55188,640,,0,-0.558285,640,,0,,0
cand_056,2239,0.556818,2239,0.237342,2239,0.661707,2239,0.296577,2239,0.243348,2239,0.0550465,2239,,0,0.794831,2239,0.771875,2239,0.793252,2239,0.76557,2239,-0.207906,2239,,0,0.574288,2239,0.968621,2239,0.970714,2239,-0.397044,2239,,0,0.691576,2239,0.639347,2239,-0.266971,2239,,0,0.996753,2239,-0.385839,2239,,0,-0.385462,2239,,0,,0
cand_057,1475,0.599165,1475,0.272953,1475,0.684143,1475,0.333613,1475,0.279523,1475,0.110588,1475,,0,0.791767,1475,0.783746,1475,0.790736,1475,0.762707,1475,-0.201692,1475,,0,0.587314,1475,0.96859,1475,0.971758,1475,-0.389728,1475,,0,0.70555,1475,0.653145,1475,-0.231701,1475,,0,0.996625,1475,-0.381391,1475,,0,-0.386847,1475,,0,,0
cand_058,2208,0.572821,2208,0.263921,2208,0.671776,2208,0.320041,2208,0.267753,2208,0.0423431,2208,,0,0.798432,2208,0.769325,2208,0.799984,2208,0.774054,2208,-0.170774,2208,,0,0.580913,2208,0.970748,2208,0.973138,2208,-0.390985,2208,,0,0.696219,2208,0.644989,2208,-0.26074,2208,,0,0.996816,2208,-0.385099,2208,,0,-0.384607,2208,,0,,0
cand_059,1903,0.528801,1903,0.34286,1903,0.788805,1903,0.489637,1903,0.423319,1903,0.0205523,1903,,0,0.876605,1903,0.641769,1903,0.838066,1903,0.833253,1903,-0.229474,1903,,0,0.499821,1903,0.947111,1903,0.963308,1903,-0.268233,1903,,0,0.695386,1903,0.621549,1903,-0.0156155,1903,,0,0.99391,1903,-0.198684,1903,,0,-0.223639,1903,,0,,0
cand_060,772,0.416912,772,0.194858,772,0.811625,772,0.405361,772,0.322478,772,0.175729,772,,0,0.835502,772,0.566701,772,0.794811,772,0.788979,772,-0.118874,772,,0,0.382097,772,0.932106,772,0.953062,772,-0.182852,772,,0,0.629285,772,0.544322,772,0.0853577,772,,0,0.993206,772,-0.104163,772,,0,-0.131299,772,,0,,0
cand_061,2208,0.558139,2208,0.239058,2208,0.665118,2208,0.286379,2208,0.231456,2208,0.0148594,2208,,0,0.796292,2208,0.764261,2208,0.792521,2208,0.765621,2208,-0.174989,2208,,0,0.580457,2208,0.973079,2208,0.974563,2208,-0.351845,2208,,0,0.684505,2208,0.631117,2208,-0.263887,2208,,0,0.996742,2208,-0.342909,2208,,0,-0.338957,2208,,0,,0
cand_062,1930,0.536365,1930,0.352477,1930,0.799875,1930,0.49914,1930,0.432266,1930,0.0505714,1930,,0,0.88256,1930,0.638415,1930,0.847923,1930,0.844223,1930,-0.18488,1930,,0,0.497184,1930,0.948164,1930,0.964517,1930,-0.2593,1930,,0,0.694514,1930,0.620212,1930,0.03437,1930,,0,0.993814,1930,-0.181342,1930,,0,-0.206965,1930,,0,,0
