label,rank,smiles,Stoi,cbs_enthalpy,hf_cal,hf_pred,M/V,nu_sig,rho,Hf(P),Q_pred,Q_cal,V,MW,Pe_pred,Pe_cal,Q_det,OB%,D,P,nu_mwfn,h50,IS,M_over_V_mwfn,mwfn_status,fchk_index
cand_001,1,C1([N+]([O-])=O)=NN=NN1/[N+]([O-])=N/C2=NN=NN2(N=[N+]=[N-]),C2N14O3,-1066.5559,358.04760699999997,361.099451788585,1.8226,38.13982,1.824785076,-141.08046168,1.873036863483589,1.8616540549774352,0.7104733131923464,268.11,1.3307,1.3227,1861.654054977434,-5.967699824698817,9.387084374358752,39.40738671288714,0.205335,60.5769,60.5769,1.822600,SUCCESS,1
cand_002,2,C1(N[N+]([O-])=O)=NN=NN1/[N+]([O-])=N/N2C(N[N+]([O-])=O)=NN=N2,C2H2N14O5,-1217.9837539999999,290.938353,292.438054559483,1.8528,49.893,1.88542664,-245.90610322,1.7818295362244172,1.776865773739781,0.741733690795353,302.13,1.3216,1.318,1776.865773739781,0.0,9.65246133081764,42.47334408940322,0.146240,31.0449,31.0449,1.852800,SUCCESS,2
cand_003,3,C1=NN=NN1NNC2=NN=NN2(N=[N+]=[N-]),C2H3N13,-788.407815,327.57203599999997,323.935638842653,1.6422,58.566959999999995,1.716319748,0.0,1.5489678135258118,1.5663560273514083,0.8572658155214459,209.13,1.3279,1.3428,1566.356027351408,-42.07908956151676,8.806803508935232,33.421491335986126,0.228085,124.3099,124.3099,1.642200,SUCCESS,3
cand_004,4,C1(N[N+]([O-])=O)=NN=NN1/[N+]([O-])=N/C2=NN=NN2(N[N+]([O-])=O),C2H2N14O5,-1217.991192,286.270938,291.094764950471,1.8459,44.18642,1.8631119459999999,-245.90610322,1.777383471255655,1.761417407142621,0.741733690795353,302.13,1.3183,1.3065,1761.417407142621,0.0,9.550452192631175,41.293235183164185,0.123243,29.8675,29.8675,1.845900,SUCCESS,4
cand_005,5,N1=C(N(N=[N+]=[N-])N=N1)NNC2=NN=NN2(N=[N+]=[N-]),C2H2N16,-951.785384,413.263949,411.048887469116,1.6869999999999998,47.39271,1.7261716880000002,0.0,1.6432753156996718,1.6521306028623968,0.8063084672583354,250.14,1.325,1.3321,1652.130602862397,-31.98209002958344,8.870826211027538,34.029292893523156,0.237136,177.1307,177.1307,1.687000,SUCCESS,5
cand_006,6,N1=C(N(N=[N+]=[N-])N=N1)/[N+]([O-])=N/C2=NN=NN2(N=[N+]=[N-]),C2N16O1,-1025.667725,436.265307,436.541654030436,1.7654,38.37232,1.772909316,-47.02682056,1.830797238444841,1.8297509845909208,0.721178964903646,264.13,1.3203,1.3196,1829.750984590921,-18.17286942036118,9.084297609464244,36.273945408143284,0.223311,104.5504,104.5504,1.765400,SUCCESS,6
cand_007,7,N1=C(N([N+]([O-])=O)N=N1)/[N+]([O-])=N/C2=NN=NN2(N=[N+]=[N-]),C2N14O3,-1066.559144,356.01196600000003,356.40248559941904,1.8223,52.3746,1.86436697,-141.08046168,1.8555180607937751,1.8540614959531532,0.7104733131923464,268.11,1.3183,1.3173,1854.061495953153,-5.967699824698817,9.520589195235782,41.05155120498271,0.237655,180.9214,180.9214,1.822300,SUCCESS,7
cand_008,8,N1=C(N(N[N+]([O-])=O)N=N1)/[N+]([O-])=N/C2=NN=NN2(N=[N+]=[N-]),C2H1N15O3,-1121.825384,363.82491,364.604011085696,1.8075,51.28833,1.847734574,-146.46646189,1.8050735456352067,1.8023218023169567,0.7321460106664782,283.13,1.3216,1.3196,1802.321802316957,-8.476671493660156,9.441667549429852,40.1623057359839,0.166772,34.0562,34.0562,1.807500,SUCCESS,8
cand_009,9,N1=C(N(N[N+]([O-])=O)N=N1)/[N+]([O-])=N/C2=NN=NN2(N[N+]([O-])=O),C2H2N14O5,-1217.983173,291.302936,292.124254390376,1.8371,35.88581,1.831789198,-245.90610322,1.7807909099075758,1.7780724827723169,0.741733690795353,302.13,1.3209,1.3189,1778.0724827723168,0.0,9.459038305323961,40.10472886564635,0.098129,29.4665,29.4665,1.837100,SUCCESS,9
cand_010,10,C1([N+]([O-])=O)=NN=NN1/[N+]([O-])=N/N2N=CN=N2,C2H1N11O3,-903.1831970000001,269.302233,271.892443453514,1.8018,23.97148,1.7660130840000001,-146.46646189,1.8421792397336594,1.83077364548657,0.7154227212681638,227.1,1.3179,1.3098,1830.7736454865699,-10.568031704095109,9.111290881105814,36.40375490254206,0.140300,30.6055,30.6055,1.801800,SUCCESS,10
cand_011,11,C1(N[N+]([O-])=O)=NN=NN1/[N+]([O-])=N/C2=NN=NN2(N=[N+]=[N-]),C2H1N15O3,-1121.825526,363.73580400000003,362.81845606045897,1.8165,40.28399,1.8251871219999998,-146.46646189,1.798767060892378,1.8020070846960758,0.7321460106664782,283.13,1.317,1.3193,1802.0070846960762,-8.476671493660156,9.359910654833907,39.184683031433025,0.191978,45.5899,45.5899,1.816500,SUCCESS,11
cand_012,12,N1=NC=NN1NNC2=NN=NN2(N=[N+]=[N-]),C2H3N13,-788.413349,324.099399,321.847492383228,1.645,55.093059999999994,1.7091640680000002,0.0,1.538982892857208,1.549750867881222,0.8572658155214459,209.13,1.3193,1.3285,1549.750867881222,-42.07908956151676,8.758083059275965,32.967243579733484,0.240308,201.9027,201.9027,1.645000,SUCCESS,12
cand_013,13,C1=NN=NN1NNC2=NN(N=[N+]=[N-])N=N2,C2H3N13,-788.413688,323.886673,320.916474610552,1.6455,60.0209,1.72342117,0.0,1.5345310314663216,1.5487336728350782,0.8572658155214459,209.13,1.3155,1.3277,1548.733672835079,-42.07908956151676,8.807018673977446,33.50853200918193,0.234248,157.6781,157.6781,1.645500,SUCCESS,13
cand_014,14,N1=C(N(N=[N+]=[N-])N=N1)/[N+]([O-])=N/C2=NN(N[N+]([O-])=O)N=N2,C2H1N15O3,-1121.830045,360.900088,362.367886232863,1.7996,46.79418,1.827896384,-146.46646189,1.797175672386759,1.791991487620528,0.7321460106664782,283.13,1.3158,1.3119999999999998,1791.991487620528,-8.476671493660156,9.356638434753675,39.191728500650285,0.183411,40.0203,40.0203,1.799600,SUCCESS,14
cand_015,15,N1=C(N(N[N+]([O-])=O)N=N1)/[N+]([O-])=N/C2=NN(N[N+]([O-])=O)N=N2,C2H2N14O5,-1217.990834,286.495586,290.138940524365,1.8401,31.87895,1.82332489,-245.90610322,1.7742198515353158,1.762160954622182,0.741733690795353,302.13,1.3159999999999998,1.3071,1762.160954622182,0.0,9.407092517878507,39.55676569041498,0.104611,29.5284,29.5284,1.840100,SUCCESS,15
cand_016,16,C1([N+]([O-])=O)=NN=NN1NNN2C([N+]([O-])=O)=NN=N2,C2H2N12O4,-1033.569131,252.18686,259.71461925483,1.8319999999999999,25.83691,1.7989689480000002,-198.87928266,1.7767382198087251,1.747573293014606,0.7379993026229127,258.11,1.3112,1.2897,1747.573293014606,-6.198907442563247,9.233205394693039,37.80356358588718,0.109234,29.5863,29.5863,1.832000,SUCCESS,16
cand_017,17,C1(N[N+]([O-])=O)=NN=NN1/[N+]([O-])=N/N2N=C(N[N+]([O-])=O)N=N2,C2H2N14O5,-1217.992064,285.72375,289.034302822853,1.8495,33.69701,1.8370474780000001,-245.90610322,1.7705636846485058,1.75960630596101,0.741733690795353,302.13,1.3133,1.3052,1759.60630596101,0.0,9.453455615868895,40.12530836226394,0.118016,29.7396,29.7396,1.849500,SUCCESS,17
cand_018,18,C1=NN=NN1/[N+]([O-])=N/N2C([N+]([O-])=O)=NN=N2,C2H1N11O3,-903.1865029999999,267.227687,271.360272792269,1.8114,28.66371,1.787967008,-146.46646189,1.839835907891981,1.8216387005284018,0.7154227212681638,227.1,1.3163,1.3032,1821.638700528402,-10.568031704095109,9.178704529294317,37.22126644298177,0.113234,29.6481,29.6481,1.811400,SUCCESS,18
cand_019,19,N1=NC(N[N+]([O-])=O)=NN1/[N+]([O-])=N/C2=NN=NN2(N[N+]([O-])=O),C2H2N14O5,-1217.992007,285.759518,289.227213854893,1.8383,38.62634,1.840564642,-245.90610322,1.771202188047837,1.7597246920861882,0.741733690795353,302.13,1.3138,1.3052,1759.724692086188,0.0,9.46637224084532,40.280456182604134,0.120156,29.7881,29.7881,1.838300,SUCCESS,19
cand_020,20,C1=NN=NN1NNN2C=NN=N2,C2H4N10,-625.0314559999999,241.12083700000002,236.99608119881302,1.5797,62.37446,1.6695869980000002,0.0,1.409684042343641,1.4342186354984532,0.933083511777302,168.12,1.3154,1.3382,1434.218635498453,-57.10206995003568,8.564536492220704,31.06741629607009,0.152882,31.7136,31.7136,1.579700,SUCCESS,20
cand_021,21,C1([N+]([O-])=O)=NN=NN1/[N+]([O-])=N/C2=NN(N=[N+]=[N-])N=N2,C2N14O3,-1066.563501,353.27790699999997,355.133678122759,1.8224,28.5101,1.7976381999999997,-141.08046168,1.8507856469462498,1.843863968818768,0.7104733131923464,268.11,1.3149,1.31,1843.863968818768,-5.967699824698817,9.266575552889742,38.060432590972184,0.189585,43.7926,43.7926,1.822400,SUCCESS,21
cand_022,22,N1=C(N(N=[N+]=[N-])N=N1)NNC2=NN(N=[N+]=[N-])N=N2,C2H2N16,-951.7889720000001,411.012445,408.194301571439,1.6896,51.10171,1.7389444680000001,0.0,1.631863362802586,1.6431296274086509,0.8063084672583354,250.14,1.3158,1.3249,1643.1296274086512,-31.98209002958344,8.904062732948239,34.440551594423106,0.244800,244.2423,244.2423,1.689600,SUCCESS,22
cand_023,23,N1=C(N[N+]([O-])=O)N=NN1/[N+]([O-])=N/N2N=C(N[N+]([O-])=O)N=N2,C2H2N14O5,-1217.992016,285.75387,287.454652790975,1.8384,34.94566,1.830350568,-245.90610322,1.765335306030434,1.759705998146493,0.741733690795353,302.13,1.3094,1.3052,1759.705998146493,0.0,9.429298230342916,39.834418399238295,0.130875,30.1239,30.1239,1.838400,SUCCESS,23
cand_024,24,N1=NC([N+]([O-])=O)=NN1/[N+]([O-])=N/C2=NN=NN2(N=[N+]=[N-]),C2N14O3,-1066.562981,353.604212,354.88431485685,1.8224,37.34648,1.822380064,-141.08046168,1.849855568747342,1.84508102525083,0.7104733131923464,268.11,1.3143,1.3109,1845.0810252508302,-5.967699824698817,9.357438878674392,39.12824214615027,0.184631,40.6783,40.6783,1.822400,SUCCESS,24
cand_025,25,N1=NC(N[N+]([O-])=O)=NN1/[N+]([O-])=N/C2=NN=NN2(N=[N+]=[N-]),C2H1N15O3,-1121.831247,360.145822,360.913450737343,1.8055,46.00524,1.831105322,-146.46646189,1.792038684093325,1.789327460495179,0.7321460106664782,283.13,1.3119999999999998,1.31,1789.3274604951791,-8.476671493660156,9.364715534008203,39.300209236963504,0.195812,48.9445,48.9445,1.805500,SUCCESS,25
cand_026,26,C1(N[N+]([O-])=O)=NN=NN1/[N+]([O-])=N/C2=NN(N[N+]([O-])=O)N=N2,C2H2N14O5,-1217.991239,286.241445,287.836602423657,1.8499,42.60732,1.862363666,-245.90610322,1.7665994957258702,1.7613197902227522,0.741733690795353,302.13,1.3103,1.3064,1761.319790222752,0.0,9.547605058345699,41.25892939039237,0.141370,30.6755,30.6755,1.849900,SUCCESS,26
cand_027,27,N1=NN(N=[N+]=[N-])N=C1NNC2=NN(N=[N+]=[N-])N=N2,C2H2N16,-951.7951609999999,407.128788,404.84713529452995,1.6924,37.05648,1.7021890640000001,0.0,1.618482191151076,1.627603693931398,0.8063084672583354,250.14,1.305,1.3124,1627.603693931399,-31.98209002958344,8.752781215312554,32.84374593173839,0.234414,158.7251,158.7251,1.692400,SUCCESS,27
cand_028,28,N1=NN(N[N+]([O-])=O)N=C1/[N+]([O-])=N/C2=NN(N[N+]([O-])=O)N=N2,C2H2N14O5,-1217.997944,282.033994,287.26570744842996,1.8315,41.67573,1.8428584940000001,-245.90610322,1.764709928403105,1.747393827888657,0.741733690795353,302.13,1.3089,1.2961,1747.393827888657,0.0,9.458050884550497,40.23919119578007,0.124421,29.9011,29.9011,1.831500,SUCCESS,28
cand_029,29,N1=C(N(N=[N+]=[N-])N=N1)/[N+]([O-])=N/C2=NN(N=[N+]=[N-])N=N2,C2N16O1,-1025.673184,432.839733,431.882426283955,1.7627,41.55973,1.779354654,-47.02682056,1.8131573348122332,1.8167817118842993,0.721178964903646,264.13,1.3076,1.3102,1816.7817118843,-18.17286942036118,9.091148664115172,36.408448135357524,0.247215,271.1428,271.1428,1.762700,SUCCESS,29
cand_030,30,N1=C(N([N+]([O-])=O)N=N1)/[N+]([O-])=N/C2=NN(N=[N+]=[N-])N=N2,C2N14O3,-1066.566266,351.542843,350.96620475523497,1.8222,44.23007,1.841470456,-141.08046168,1.8352417531432432,1.8373925056133682,0.7104733131923464,268.11,1.3039,1.3054,1837.392505613368,-5.967699824698817,9.41653250462193,39.868985611981564,0.234741,160.8084,160.8084,1.822200,SUCCESS,30
cand_031,31,N1=C(N(N[N+]([O-])=O)N=N1)/[N+]([O-])=N/C2=NN(N=[N+]=[N-])N=N2,C2H1N15O3,-1121.832722,359.22024500000003,359.65348945717994,1.8073,39.283159999999995,1.813936438,-146.46646189,1.787588568315544,1.786058372090559,0.7321460106664782,283.13,1.3088,1.3077,1786.058372090559,-8.476671493660156,9.298632415652246,38.53144120206892,0.189886,44.0079,44.0079,1.807300,SUCCESS,31
cand_032,32,N1=C(N(N=[N+]=[N-])N=N1)/[N+]([O-])=N/C2=NN([N+]([O-])=O)N=N2,C2N14O3,-1066.568526,350.12467200000003,351.17337095331595,1.8227,38.20452,1.825058066,-141.08046168,1.836014444195726,1.832102993845809,0.7104733131923464,268.11,1.3044,1.3017,1832.1029938458091,-5.967699824698817,9.35059290157558,39.10506569569138,0.203863,58.4077,58.4077,1.822700,SUCCESS,32
cand_033,33,C1([N+]([O-])=O)=NN=NN1NNN2C(N[N+]([O-])=O)=NN=N2,C2H3N13O4,-1088.8345259999999,260.530049,264.207918644931,1.805,45.629490000000004,1.829594072,-204.26528287,1.715202290172925,1.701736652399956,0.7589517812030899,273.13,1.3018,1.2915,1701.736652399956,-8.787024493830776,9.323241042269146,38.933845081256024,0.112554,29.6367,29.6367,1.805000,SUCCESS,33
cand_034,34,C1(N=[N+]=[N-])=NN=NN1/[N+]([O-])=N/N2C([N+]([O-])=O)=NN=N2,C2N14O3,-1066.570675,348.776154,352.12773877678495,1.8304,28.634840000000004,1.8053338719999998,-141.08046168,1.839574057128734,1.827073274700682,0.7104733131923464,268.11,1.307,1.2981,1827.073274700682,-5.967699824698817,9.273125627009632,38.21182219238217,0.159230,32.5908,32.5908,1.830400,SUCCESS,34
cand_035,35,C1([N+]([O-])=O)=NN=NN1/[N+]([O-])=N/N2N=C(N=[N+]=[N-])N=N2,C2N14O3,-1066.569076,349.779542,350.922595493388,1.8211,24.40625,1.78495363,-141.08046168,1.835079098778069,1.830815723695498,0.7104733131923464,268.11,1.3038,1.3007,1830.815723695498,-5.967699824698817,9.20442700777036,37.392189686333296,0.162154,33.0959,33.0959,1.821100,SUCCESS,35
cand_036,36,C1(N=[N+]=[N-])=NN=NN1NNC2=NN=NN2(N=[N+]=[N-]),C2H2N16,-951.787813,411.73972799999996,403.726865759851,1.6845,61.85464,1.764369342,0.0,1.614003621011638,1.646037131206525,0.8063084672583354,250.14,1.3014,1.3272,1646.037131206524,-31.98209002958344,8.998297653824219,35.486370127841894,0.242779,224.0395,224.0395,1.684500,SUCCESS,36
cand_037,37,C1([N+]([O-])=O)=NN=NN1NNC2=NN=NN2(N[N+]([O-])=O),C2H3N13O4,-1088.837304,258.78682799999996,262.677264640136,1.8042,41.14438,1.816301124,-204.26528287,1.7095981675763783,1.6953542667228059,0.7589517812030899,273.13,1.2975,1.2867,1695.3542667228062,-8.787024493830776,9.266843532284208,38.29812976390028,0.103106,29.5123,29.5123,1.804200,SUCCESS,37
cand_038,38,C1([N+]([O-])=O)=NN=NN1/[N+]([O-])=N/C2=NN=NN2(N),C2H2N12O3,-958.459333,270.905343,274.20222443842397,1.7811,51.009009999999996,1.8227093580000002,-151.8524621,1.759683985372642,1.746067260449364,0.7404592763918718,242.12,1.3030000000000002,1.2929,1746.067260449364,-13.216586816454651,9.260702496809245,38.32752559399982,0.173646,35.9540,35.9540,1.781100,SUCCESS,38
cand_039,39,C1([N+]([O-])=O)=NN=NN1/[N+]([O-])=N/C2=NN=NN2(O),C2H1N11O4,-978.3031179999999,244.231471,248.447735693098,1.8518,42.48615,1.86376916,-193.49328245,1.8179391943360668,1.8005954481694766,0.7144282188399836,243.1,1.2988,1.2864,1800.5954481694782,-3.290826820238585,9.486370275075592,40.749350683054,0.166351,33.9594,33.9594,1.851800,SUCCESS,39
cand_040,40,N1=NC(N[N+]([O-])=O)=NN1/[N+]([O-])=N/C2=NN(N[N+]([O-])=O)N=N2,C2H2N14O5,-1217.996071,283.209319,286.030441800153,1.8358,33.44174,1.823752012,-245.90610322,1.7606214047600468,1.751283957965114,0.741733690795353,302.13,1.3059,1.2990000000000002,1751.283957965114,0.0,9.39408981376934,39.45297157259299,0.112725,29.6395,29.6395,1.835800,SUCCESS,40
cand_041,41,N1=C(N(N[N+]([O-])=O)N=N1)/N=N/C2=NN=NN2(N[N+]([O-])=O),C2H2N14O4,-1142.888442,300.566734,300.593199686215,1.8131,29.00256,1.790476898,-198.87928266,1.745613820103502,1.745521324782441,0.7440499073847552,286.13,1.2988,1.2988,1745.521324782442,-5.591863838115542,9.224082950185231,37.621933010947316,0.087052,29.3969,29.3969,1.813100,SUCCESS,41
cand_042,42,N1=NC=NN1NNC2=NN(N=[N+]=[N-])N=N2,C2H3N13,-788.419751,320.082083,318.46764136424196,1.6489,42.92419,1.6786726019999998,0.0,1.522821409478516,1.530541208817482,0.8572658155214459,209.13,1.3055,1.3121,1530.541208817482,-42.07908956151676,8.623401738266779,31.603756203082828,0.231208,139.9652,139.9652,1.648900,SUCCESS,42
cand_043,43,C1=NN=NN1NNN2N=CN=N2,C2H4N10,-625.039049,236.356157,234.76608251468897,1.584,66.97993000000001,1.6864310040000001,0.0,1.396419715171836,1.4058776885557929,0.933083511777302,168.12,1.3030000000000002,1.3118,1405.8776885557932,-57.10206995003568,8.58076697169144,31.382697697522612,0.205195,60.3637,60.3637,1.584000,SUCCESS,43
cand_044,44,C1=NN=NN1NNN2C(N=[N+]=[N-])=NN=N2,C2H3N13,-788.423394,317.796066,316.713953962529,1.6418,64.60599,1.7328617119999998,0.0,1.514435776610381,1.5196101276717833,0.8572658155214459,209.13,1.2983,1.3027,1519.6101276717832,-42.07908956151676,8.798517344510756,33.55661045660098,0.218906,89.9850,89.9850,1.641800,SUCCESS,44
cand_045,45,C1=NN=NN1/[N+]([O-])=N/N2C(N[N+]([O-])=O)=NN=N2,C2H2N12O3,-958.458706,271.298791,275.49512803064204,1.788,34.87081,1.7838586680000001,-151.8524621,1.765023914301346,1.747692272839914,0.7404592763918718,242.12,1.3069,1.2941,1747.692272839914,-13.216586816454651,9.12401509962937,36.72813027279383,0.127956,30.0144,30.0144,1.788000,SUCCESS,45
cand_046,46,C1(N=[N+]=[N-])=NN=NN1/[N+]([O-])=N/N2C(N[N+]([O-])=O)=NN=N2,C2H1N15O3,-1121.838679,355.482171,356.27722665444395,1.8030000000000002,29.444570000000002,1.782439696,-146.46646189,1.7756637888759368,1.772855694875146,0.7321460106664782,283.13,1.3,1.298,1772.855694875146,-8.476671493660156,9.168231749156352,37.06719168481808,0.142720,30.7693,30.7693,1.803000,SUCCESS,46
cand_047,47,C1=NN=NN1/[N+]([O-])=N/N2N=C([N+]([O-])=O)N=N2,C2H1N11O3,-903.191824,263.888709,265.51840804946204,1.8008,42.05276,1.815722368,-146.46646189,1.81411215296989,1.8069360232937033,0.7154227212681638,227.1,1.2979,1.2927,1806.936023293703,-10.568031704095109,9.25954994594248,38.23061615370729,0.154211,31.8753,31.8753,1.800800,SUCCESS,47
cand_048,48,C1(N[N+]([O-])=O)=NN=NN1/[N+]([O-])=N/N2N=CN=N2,C2H2N12O3,-958.4580980000001,271.680317,273.697294022817,1.7889,30.52975,1.77253017,-151.8524621,1.7575985301619732,1.749268045184206,0.7404592763918718,242.12,1.3014,1.2953,1749.268045184206,-13.216586816454651,9.085577076260467,36.27946753982511,0.122626,29.8507,29.8507,1.788900,SUCCESS,48
cand_049,49,N1=CN=NN1/[N+]([O-])=N/N2N=C([N+]([O-])=O)N=N2,C2H1N11O3,-903.193882,262.597294,264.833955799827,1.8005,42.99666,1.8180897980000001,-146.46646189,1.811098272522356,1.8012494755173931,0.7154227212681638,227.1,1.2957,1.2887,1801.249475517393,-10.568031704095109,9.260729909075245,38.27001349372448,0.206566,62.5149,62.5149,1.800500,SUCCESS,49
cand_050,50,C1([N+]([O-])=O)=NN=NN1NNC2=NN=NN2(N=[N+]=[N-]),C2H2N14O2,-992.6750519999999,334.109376,334.847999533534,1.768,40.93727,1.782478756,-104.82564154,1.7301130959490583,1.7272066168496443,0.7495573131861646,254.13,1.2968,1.2946,1727.2066168496438,-18.88797072364538,9.06857958751784,36.26626195934195,0.194884,48.0739,48.0739,1.768000,SUCCESS,50
cand_051,51,C1=NN=NN1/[N+]([O-])=N/C2=NN=NN2(N=[N+]=[N-]),C2H1N13O1,-862.296138,346.819633,345.55208381091006,1.7357,44.26386,1.762132118,-52.41282077,1.7836361804450969,1.7893172004750808,0.7281843850842595,223.12,1.2988,1.3030000000000002,1789.3172004750809,-25.098601649336683,8.953571693353606,35.10740659833341,0.208652,66.0769,66.0769,1.735700,SUCCESS,51
cand_052,52,C1=NN=NN1/[N+]([O-])=N/C2=NN=NN2(N[N+]([O-])=O),C2H2N12O3,-958.457432,272.09823900000004,273.813315975466,1.7803,40.705,1.79312349,-151.8524621,1.7580777221025359,1.7509941396828017,0.7404592763918718,242.12,1.3018,1.2965,1750.9941396828021,-13.216586816454651,9.161446952003528,37.145670083461546,0.127198,29.9884,29.9884,1.780300,SUCCESS,52
cand_053,53,C1(N=[N+]=[N-])=NN=NN1/[N+]([O-])=N/C2=NN=NN2(N[N+]([O-])=O),C2H1N15O3,-1121.840208,354.52270899999996,354.99499001201696,1.8014,39.28546,1.808524908,-146.46646189,1.7711349977113593,1.769466926464875,0.7321460106664782,283.13,1.2967,1.2955,1769.4669264648749,-8.476671493660156,9.257527556737132,38.1235656636792,0.171785,35.3757,35.3757,1.801400,SUCCESS,53
cand_054,54,N1=NC=NN1/[N+]([O-])=N/C2=NN=NN2(N=[N+]=[N-]),C2H1N13O1,-862.297083,346.226636,345.03353327248396,1.7328,43.6099,1.75763796,-52.41282077,1.781312092338132,1.7866594512818212,0.7281843850842595,223.12,1.2971,1.301,1786.659451281821,-25.098601649336683,8.934354877917851,34.90260837163134,0.248098,281.8049,281.8049,1.732800,SUCCESS,54
cand_055,55,N1=NC=NN1/[N+]([O-])=N/C2=NN=NN2(N[N+]([O-])=O),C2H2N12O3,-958.4586289999999,271.34711,273.34728750831,1.7794,43.01623,1.7987684640000001,-151.8524621,1.7561529390728148,1.7478918391706593,0.7404592763918718,242.12,1.3004,1.2942,1747.8918391706588,-13.216586816454651,9.177560441788756,37.34678816354013,0.165980,33.8759,33.8759,1.779400,SUCCESS,55
cand_056,56,C1(N[N+]([O-])=O)=NN=NN1/[N+]([O-])=N/C2=NN(N=[N+]=[N-])N=N2,C2H1N15O3,-1121.83754,356.19690499999996,357.387015755522,1.8123,43.04064,1.829048882,-146.46646189,1.7795835045580548,1.775380097093208,0.7321460106664782,283.13,1.3029,1.2998,1775.380097093208,-8.476671493660156,9.339021557669794,39.058863047331144,0.188251,42.8786,42.8786,1.812300,SUCCESS,56
cand_057,57,N1=NC([N+]([O-])=O)=NN1/[N+]([O-])=N/C2=NN(N=[N+]=[N-])N=N2,C2N14O3,-1066.5715369999998,348.23524100000003,349.55171036980204,1.8205,36.1424,1.81726387,-141.08046168,1.8299659544582518,1.8250557706911341,0.7104733131923464,268.11,1.3001,1.2967,1825.055770691134,-5.967699824698817,9.313522528721661,38.697130246549136,0.210242,69.0476,69.0476,1.820500,SUCCESS,57
cand_058,58,N1=NC(N[N+]([O-])=O)=NN1/[N+]([O-])=N/C2=NN(N=[N+]=[N-])N=N2,C2H1N15O3,-1121.8394130000001,355.02157900000003,355.580881777189,1.8026,31.64037,1.788220616,-146.46646189,1.773204336054777,1.7712289085932258,0.7321460106664782,283.13,1.2982,1.2968,1771.228908593226,-8.476671493660156,9.186894074440888,37.290897864505745,0.166213,33.9283,33.9283,1.802600,SUCCESS,58
cand_059,59,N1=C(N(N=[N+]=[N-])N=N1)NNC2=NN=NN2(N),C2H4N14,-843.6862550000001,327.72936400000003,324.638520668323,1.6459,66.11098,1.740840714,0.0,1.4483092601754308,1.462098434084318,0.8997992415792996,224.15,1.3032,1.3156,1462.098434084318,-42.828463082757075,8.86736596481669,34.18008648729191,0.217313,85.4413,85.4413,1.645900,SUCCESS,59
cand_060,60,N1=C(N(N=[N+]=[N-])N=N1)/N=N/C2=NN=NN2(N),C2H2N14,-842.467267,364.13482799999997,356.54810145440496,1.6749,59.79914,1.7497982619999999,0.0,1.605132586568248,1.6392870301174989,0.8070949444019269,222.13,1.2955,1.3231,1639.2870301174992,-36.01494620267411,8.909395918403039,34.61338992694993,0.228970,128.5078,128.5078,1.674900,SUCCESS,60
cand_061,61,N1=NN(N[N+]([O-])=O)N=C1/[N+]([O-])=N/C2=NN(N=[N+]=[N-])N=N2,C2H1N15O3,-1121.837311,356.340604,356.780216413489,1.7974,60.311769999999996,1.8637253759999999,-146.46646189,1.777440321772645,1.7758876342669452,0.7321460106664782,283.13,1.3013,1.3002,1775.8876342669448,-8.476671493660156,9.46433589774459,40.5597134318049,0.213381,75.6339,75.6339,1.797400,SUCCESS,61
cand_062,62,N1=C(N(N=[N+]=[N-])N=N1)NNC2=NN(N)N=N2,C2H4N14,-843.6911449999999,324.660843,323.723383417069,1.6395,61.01504,1.7206949619999998,0.0,1.4442265599690791,1.448408846754405,0.8997992415792996,224.15,1.2995,1.3033,1448.408846754405,-42.828463082757075,8.775534447339307,33.23687161601426,0.236019,169.2784,169.2784,1.639500,SUCCESS,62
